"","age_category","quintile","count_diseases","q0104","q3001","q2010","q1503","q1015","q2018","q4040","q2019","adherence"
"1",100,100,100,100,100,100,50.2112676056338,100,100,99.9647887323944,100,100
