"","age_category","q1009","quintile","count_diseases","q0104","q0105a","q1012","q1019_","q1018_","q3001","q3008","q2000","q2010","q2002","q8062","q1503","q5004","q1015","q1016_","q2018","q2019","q4062","q7002","complete_adherence","partial_adherence"
"1",0,0,0,0,0,0,0,0,0,0,0.870070422535211,0.000352112676056338,0,0.00176056338028169,0.84612676056338,0.497887323943662,0.31056338028169,0,0.413028169014085,0,0,0.00105633802816901,0.00105633802816901,0,0
